Species,code,ldd2,wing.loading,coat.perm,E.S,coat.thick,mass.mg,set.time.mpsec,height.cm,shape,size,appendage type,smooth.coarse,appendage,prop.C,prop.N,cn,ldd,disp
Abronia villosa,ABRVIL,wind,20.3069581,240.4229103,0.986637101,0.012,213.86,215.7991285,80,0.073618605,2.9026046,flat appendage,1,wing,0.4226561534,0.02991341991,14.12931569,2,wind
Achyrachaena mollis,ACHMOL,wind,1.818753132,82.8800022,1,0.0612,40.29230769,208.2623491,14.25,0.153171069,7.36065015,flat appendage,1,pappus,0.4903537088,0.03545673077,13.8296368,2,wind
Achyronychia cooperi,ACHCOO,unassisted,1.07046812,48.94366966,NA,NA,1.2428,162.1922547,10,0.055025189,0.92617447,no appendage,0,none,0.4200377929,0.02685563114,15.64058542,1,unassisted
Acmispon americanus,ACMAME,unassisted,3.508831869,23.20905828,1,0.0216,51.31,279.5295516,16.75,0.037032266,2.7541505,no appendage,0,none,0.4436082793,0.0787364844,5.634087966,1,unassisted
Acmispon maritimus var. brevivexillus,ACMMARB,unassisted,2.476884038,69.29837863,0.9802353374,0.0436,23.15,287.1632821,3.94,0.029657746,2.1293152,no appendage,0,none,0.4654890739,0.06115764828,7.611297801,1,unassisted
Acmispon strigosus,ACMSTR,unassisted,2.562429707,16.92904726,0.9728982301,0.0302,15.7,280.7818567,26.5,0.011443142,1.60418735,no appendage,1,none,0.437846201,0.04797794118,9.125989783,1,unassisted
Acmispon wrangelianus,ACMWRA,ant,2.261594896,28.9427282,0.9234285714,0.039,23.06,237.2913509,8.919166667,0.033233962,2.344241,no appendage,0,none,0.4360772178,0.05288240495,8.246168422,2,ant
Aegilops triuncialis,AEGTRI,adhesive,11.92477333,49.45759826,0.3475616857,0.021,504.95,372.3381325,47.83333333,0.1263648505,7.3794839,elongated appendage,1,awn,0.4217866677,0.03333632571,12.7450699,4,adhesive
Agoseris heterophylla,AGOHET,wind,1.010612104,100.0655541,1,0.0686,4.1812,173.1200608,17.97333333,0.151317905,2.9912335,elongated appendage,1,plume,0.4247103357,0.03840026333,11.06008915,2,wind
Aliciella latifolia ssp. latifolia,ALILATL,unassisted,0.5342024051,101.28863,0.912969697,0.0042,0.556,122.7769248,20,0.02292827,0.73119042,no appendage,0,none,0.4043998727,0.03524036931,11.47547204,1,unassisted
Amaranthus fimbriatus,AMAFIM,ant,1.207502037,25.14905126,1,0.009,1.621,180.3728417,65,0.020300871,0.77328926,no appendage,0,none,0.4395051414,0.03549164524,12.38334088,3,ant
Amaranthus hybridus,AMAHYB,adhesive,1.961791022,44.54444072,1,0.0168,4.8303,252.7423062,59.6875,0.038366384,1.07241265,no appendage,0,none,0.4280091984,0.02222076216,19.26167948,4,adhesive
Amaranthus palmeri,AMAPAL,ingestion,1.646415644,25.84262672,1,0.0118,3.3968,239.1209181,100,0.028519062,0.972704825,no appendage,0,none,0.4409721136,0.02930153766,15.04945299,4,large mammal (internal)
Amaranthus torreyi,AMATOR,ingestion,1.52788092,25.8163533,1,0.0134,3.5405,255.8364196,40,0.020382681,0.966057675,no appendage,0,none,0.426734757,0.02687403281,15.87907405,4,large mammal (internal)
Amsinckia intermedia,AMSINT,ingestion,2.10734924,63.20427579,1,0.0158,19.38,268.5627055,70.12,0.025141635,2.262259,no appendage,1,none,0.4041981284,0.02694740239,14.99952102,3,bird
Amsinckia menziesii,AMSMEN,adhesive,1.574082261,77.02403014,1,0.0154,27.17,284.8417264,38.2825,0.033777884,3.20837495,no appendage,1,none,0.2117241379,0.01670607553,12.67348142,4,adhesive
Amsinckia tessellata,AMSTES,adhesive,2.194492389,54.49577887,1,0.0166,37.94,284.8825966,26.725,0.046819328,3.37898595,no appendage,1,none,0.4640655471,0.03647074756,12.72432232,4,adhesive
Anagallis arvensis,ANAARV,unassisted,1.209706853,31.53056855,0.8127688866,0.0264,3.7639,280.0319352,11.72332445,0.009227476,1.174336,no appendage,1,none,0.5053300166,0.02298507463,21.98513709,1,unassisted
Ancistrocarphus filagineus,ANCFIL,adhesive,0.8425871865,79.42335123,0.9997901804,0.0084,3.5959,232.4088882,3.4,0.074514625,1.9897243,no appendage,0,none,0.4969555626,0.05724866057,8.680649601,4,adhesive
Anisocoma acaulis,ANIACA,unassisted,0.7745557248,24.01294596,1,0.0628,9.6502,194.2938587,20,0.134011491,4.4624773,elongated appendage,1,hairs,0.530274282,0.02536947402,20.90206054,1,unassisted
Anoda pentaschista,NA,unassisted,3.229622713,32.31457353,0.9229593397,0.0154,54.3,258.5021033,75,0.007611201,2.75858205,no appendage,1,none,NA,NA,NA,1,unassisted
Antirrhinum coulterianum,ANTCOU,wind,0.600046237,11.15387477,0.8273475496,0.0822,1.3504,136.7774409,81,0.02802165,1.0857069,no appendage,1,none,0.5948476298,0.0235214447,25.28958733,2,wind
Antirrhinum multiflorum,ANTMUL,wind,0.6578569576,26.16303551,0.8352583587,0.0818,1.465,144.390825,90,0.023294972,1.08127562,no appendage,1,none,0.6112315271,0.01767241379,34.58675958,2,wind
Argemone munita,ARGMUN,ingestion,2.846105933,20.04691518,0.9572117826,0.108,29.41,245.5623378,105,0.00191025,2.0074501,no appendage,0,none,0.5490220049,0.02777506112,19.76672535,3,small mammal (internal or caching)
Aristida adscensionis,ARIADS,adhesive,0.6325889292,52.56396498,0.5387404362,0.0158,9.3647,176.1360571,36.8666667,0.188551606,8.9338172,elongated appendage,0,awn,0.4030888031,0.02923076923,13.78988011,4,adhesive
Astragalus didymocarpus,ASTDID,unassisted,2.844771569,69.70432285,1,0.015,16.64444444,210.1896351,23.75,0.04838153,1.80581865,no appendage,1,none,0.3536318096,0.03686912962,9.59154212,2,ballistic
Astragalus didymocarpus var. dispermus,ASTDIDD,unassisted,1.861897713,115.3913486,1,0.0194,11.47,235.7704009,21,0.060288096,2.0340389,no appendage,1,none,0.4188778878,0.05277827783,7.936558467,2,ballistic
Astragalus gambelianus,ASTGAM,unassisted,2.711025492,67.69632162,0.9751908397,0.03,18.51,233.824612,8.303333333,0.048422553,2.01852885,balloon structure,1,balloon,0.4298058776,0.05352116473,8.030577805,1,ballistic
Athysanus pusillus,ATHPUS,unassisted,2.286601772,147.4026994,1,0.011,8.1267,141.2479477,16.6,0.070766796,1.4092033,balloon structure,0,balloon,0.4506391478,0.02533288948,17.78869908,1,unassisted
Atrichoseris platyphylla,ATRPLA,unassisted,0.6868150066,254.5740214,1,0.293,10.2651,177.5226819,100,0.085888468,3.5141453,no appendage,0,none,0.4971102771,0.02073036952,23.97980783,1,unassisted
Atriplex elegans var. fasciculata,ATRELEF,ant,0.6599030211,74.07990286,1,0.0086,9.3992,151.9064163,29.385,0.08225322,2.7253461,flat appendage,1,,0.3505161881,0.02147525962,16.32186033,2,ant
Avena barbata,AVEBAR,adhesive,4.260530676,55.73987469,0.2376298826,0.048,128.11,179.7957252,70,0.13908842,7.0570954,elongated appendage,1,hairs,0.43845549,0.03156416737,13.89092527,4,adhesive
Avena fatua,AVEFAT,adhesive,4.013303976,53.92336882,0.3413222717,0.1018,234.36,222.4223363,66.00384,0.125870559,9.2440194,elongated appendage,1,hairs,0.4258103769,0.01777226743,23.96187565,4,adhesive
Boerhavia erecta,BOEERE,adhesive,2.206461094,448.3102788,1,0.0136,38.9,240.1083756,35,0.072226415,3.8243475,no appendage,0,none,0.387755102,0.01647959184,23.52941176,4,adhesive
Boerhavia triquetra var. intermedia,BOETRII,adhesive,2.1067008,870.4212576,1,0.0134,24.02,249.6119339,35,0.060696133,2.840564,no appendage,1,none,0.4312990354,0.01789067524,24.10747664,4,adhesive
Bouteloua barbata,BOUBAR,adhesive,0.5151516579,46.09806234,0.8009118541,0.0066,1.3982,118.2253413,16.5,0.060868988,1.497366147,elongated appendage,1,awn,0.4365385837,0.03526198793,12.37986311,4,adhesive
Brassica nigra,BRANIG,adhesive,2.32652859,55.93972279,1,0.0264,11.1442,250.5397099,111.8641503,0.002478588,1.3427317,no appendage,0,none,0.5378334339,0.04661738081,11.53718687,4,adhesive
Brassica tournefortii,BRATOU,unassisted,2.648969198,706.274572,1,0.0292,17.1,247.0232144,56.6833333,5.01E-05,1.4756752,no appendage,0,none,0.5026220317,0.03711081794,13.54381443,1,unassisted
Bromus diandrus,BRODIA,adhesive,1.748812503,91.70272298,0.1673191096,0.0294,134.67,264.1343871,51.10514717,0.174251312,15.924442,elongated appendage,1,awn,0.424423756,0.01385232745,30.6391657,4,adhesive
Bromus hordeaceus,BROHOR,adhesive,0.9091631449,188.9839102,0.1509154753,0.0206,22.14,192.8669341,35.84708333,0.140707104,6.4787903,elongated appendage,1,awn,0.403233106,0.01877557347,21.4764735,4,adhesive
Bromus madritensis,BROMAD,adhesive,0.7722506456,165.5378868,0.2109745849,0.0238,26.31,157.4549096,22.56371428,0.173561093,10.8592851,elongated appendage,1,awn,0.421442769,0.02787624297,15.13235503,4,adhesive
Bromus rubens,BRORUB,adhesive,0.7207031452,151.3252001,0.1886540397,0.0124,25.57,233.2743141,31.7965,0.170320866,10.53357325,elongated appendage,1,awn,0.4148246445,0.02392101106,17.34143442,4,adhesive
Bromus tectorum,BROTEC,adhesive,1.097515892,114.8023977,0.214834681,0.0152,32.49,174.0183441,29.89334547,0.166533008,9.33929595,elongated appendage,1,awn,0.4163170732,0.01988346883,20.93784926,4,adhesive
Calandrinia menziesii,CALMEN,ant,0.7022199483,66.17515462,1,0.0136,3.3303,155.1043707,8.44845238,0.031736611,1.56430445,no appendage,0,none,0.4780724493,0.03256231306,14.68177179,3,ant
Calycadenia multiglandulosa,CALMUL,adhesive,1.068160997,60.6450701,1,0.06371,9.4704,233.2381855,12.975,0.092510097,2.9602134,elongated appendage,0,pappus,0.5076940857,0.04559508878,11.66808879,4,adhesive
Calycadenia pauciflora,CALPAU,unassisted,0.7963717384,64.45231539,1,0.0772,9.496,126.4216049,30,0.068273922,3.1020199,no appendage,0,none,0.4526742129,0.02787053414,16.24203579,2,unassisted
Calyptridium monandrum,CALMON,unassisted,0.7542904956,1.952773127,1,0.0142,0.9723,125.7585566,9.75,0.001331946,0.68687585,no appendage,0,none,0.4428791615,0.02495992602,17.74360874,1,unassisted
Camissonia campestris,CAMCAM,unassisted,0.5487464678,2.258752561,1,0.016,0.5845,134.7811324,15,0.056121005,0.87299701,no appendage,0,none,0.5108529179,0.03702667019,13.7968906,1,unassisted
Camissoniopsis ignota,CAMIGN,unassisted,0.575618833,10.96856915,1,0.0196,0.9753,137.5531454,55,0.054648543,1.0812756,no appendage,0,none,0.5059971711,0.03386138614,14.94319131,1,unassisted
Camissoniopsis pallida,CAMPAL,unassisted,0.5700405437,30.70363153,1,0.0126,1.046,145.5277066,60,0.056860143,1.1388845,no appendage,0,none,0.4691727102,0.02761214075,16.99153696,1,unassisted
Capsella bursa-pastoris,CAPBUR,adhesive,0.5535914732,73.51524277,0.9748241769,0.007,1.0206,162.9628865,18.41363636,0.042169452,1.03696101,no appendage,0,none,0.5362235971,0.04039266591,13.30291032,4,adhesive
Carduus pycnocephalus,CARPYC,ant,2.470062513,56.47527959,1,0.0922,68.99,271.8618172,43.00833333,0.101609495,5.3709261,nutrient-containing appendage,0,elaiosome,0.6063868705,0.02790278126,21.73213003,2,ant
Castilleja attenuata,CASATT,wind,0.4180298637,25.98292706,0.9242076252,0.0154,1.036,141.240071,17.1,0.027432836,1.14774736,no appendage,1,none,0.5863103721,0.042949327,13.65121209,2,wind
Castilleja exserta,CASEXS,wind,0.2572392822,46.65013611,0.9650773735,0.0278,1.194,110.4108705,14.67692308,0.014810386,1.4934011,balloon structure,1,balloon,0.4978841273,0.02702571153,18.42474539,2,wind
Caulanthus anceps,CAUANC,unassisted,0.740057188,79.77274637,1,0.0282,1.519,184.4063736,92.5,0.034245535,1.07241262,no appendage,0,none,0.5326826347,0.05140718563,10.36202679,1,unassisted
Caulanthus heterophyllus,CAUHET,unassisted,0.7075155244,98.18503906,1,0.0136,3.4649,194.8238722,72.5,0.048293326,1.68395375,no appendage,0,none,0.581047088,0.03304522924,17.58338802,1,unassisted
Caulanthus lasiophyllus,CAULAS,unassisted,0.7308639239,74.96279179,1,0.0328,1.74355,161.4574004,60,0.0449028865,1.16990471,no appendage,0,none,0.536073917,0.04785216601,11.20270955,1,unassisted
Centaurea melitensis,CENMEL,adhesive,1.396484217,37.45006959,1,0.0348,14.81,195.8421299,57.76190477,0.07425439,2.8671528,elongated appendage,0,pappus,0.5385145889,0.0310132626,17.36400958,4,adhesive
Centaurea solstitialis,CENSOL,adhesive,1.452937513,40.35104091,1,0.0396,16.34,220.843177,73.375,0.082914448,3.06435255,elongated appendage,0,pappus,0.4796793702,0.01732677631,29.0333243,4,adhesive
Chaenactis artemisiifolia,CHAART,unassisted,0.4389240745,78.31806798,1,0.0532,5.6113,163.7193123,57.5,0.132337331,4.6973444,no appendage,1,none,0.5510325912,0.02919328816,18.87531778,1,unassisted
Chaenactis carphoclinia,CHACAR,unassisted,0.4160345119,89.16415215,1,0.0282,2.918,127.1352024,60.96,0.14557389,4.1611383,elongated appendage,1,pappus,0.4841983523,0.03431875792,14.10885421,1,unassisted
Chaenactis fremontii,CHAFRE,ant,0.7845196051,70.96343151,1,0.045,6.9741,147.1473908,20,0.180275123,5.8007772,elongated appendage,1,pappus,0.5150713662,0.03348674629,15.38135003,2,ant
Chaenactis glabriuscula,CHAGLA,unassisted,0.6536371923,118.1090701,1,0.0194,6.0824,188.2778414,13.8875,0.165846191,5.031718591,flat appendage,1,pappus,0.5010404463,0.03045251732,16.50949849,1,unassisted
Chaenactis stevioides,CHASTE,unassisted,0.6603039518,87.2677907,1,0.0512,5.5125,127.5324409,17.5,0.169049198,5.1316277,elongated appendage,1,pappus,0.4952717214,0.03208590953,15.43580122,1,unassisted
Chenopodium album,CHEALB,adhesive,1.165182811,30.21542855,NA,NA,3.9361,229.1490747,55.3474531,0.02733427,1.19870913,no appendage,1,none,0.4448054588,0.02793844367,15.92091041,4,adhesive
Chenopodium arizonicum,CHEARI,ingestion,1.071748603,18.4823635,NA,NA,3.2471,200.9202238,45,0.044963878,1.14774725,no appendage,1,none,0.4459503681,0.02522497955,17.67891892,4,bird
Chenopodium berlandieri,CHEBER,ingestion,1.946257275,19.72331902,NA,NA,10.3745,247.5139016,150,0.031468776,1.52663695,no appendage,1,none,0.4583517417,0.02686207873,17.06315235,4,large mammal (internal)
Chenopodium berlandieri var. sinuatum,CHEBERS,ingestion,1.614759458,17.79211297,NA,NA,7.2604,256.0278893,35.48,0.030061864,1.4158506,no appendage,1,none,0.4733718635,0.02113617141,22.39629185,4,bird
Chenopodium berlandieri var. zschackei,CHEBERZ,ingestion,2.110618133,14.38029432,NA,NA,12.79,217.6442402,35.485,0.03707948,1.6152662,no appendage,1,none,0.4444234354,0.02450066578,18.13923913,4,bird
Chenopodium hians,CHEHIA,ingestion,1.182605268,20.77806188,NA,NA,3.4766,223.8602527,55,0.049922919,1.1898462,no appendage,0,none,0.4549171936,0.03436615477,13.2373609,4,bird
Chenopodium incanum var. elatum,CHEINCE,ingestion,1.208999451,13.58253358,NA,NA,4.9621,239.2249189,50,0.027779008,1.3383003,no appendage,1,none,0.4514457029,0.02386409061,18.9173646,4,bird
Chenopodium incanum var. occidentale,CHEINCO,ingestion,1.490527514,25.55913082,NA,NA,5.346,225.2068068,34,0.015349819,1.2208664,no appendage,0,none,0.4435136597,0.02963213416,14.96732086,4,bird
Chenopodium murale,CHEMUR,adhesive,1.24152226,20.16769509,NA,NA,5.7997,221.9424156,48.59375,0.024214435,1.3936932,no appendage,1,none,0.5153932584,0.03596369922,14.33093006,4,adhesive
Chenopodium neomexicanum,CHENEO,ingestion,1.554107025,21.55739859,NA,NA,6.9883,230.6872035,37.5,0.034266511,1.4269291,no appendage,1,none,0.5581845537,0.03130140421,17.8325723,4,bird
Chenopodium watsonii,CHEWAT,ingestion,1.284498783,14.00132744,NA,NA,4.3548,218.793264,27.5,0.000800003,1.1078643,no appendage,0,none,0.5473312789,0.03540832049,15.45770235,4,bird
Chorizanthe brevicornu,CHOBRE,adhesive,2.054158854,87.22682923,0.9545109452,0.0326,13.32,207.317068,15,0.136046402,3.3812016,elongated appendage,1,hooks,0.6493372744,0.03324517735,19.53177351,4,adhesive
Chorizanthe brevicornu var. brevicornu,NA,adhesive,1.156521077,84.16789201,0.9644942925,0.0296,24.94,233.2760165,17.5,0.104389351,5.7608942,elongated appendage,1,hooks,NA,NA,NA,4,adhesive
Chorizanthe fimbriata,CHOFIM,unassisted,0.6589033683,126.1284661,0.9052404397,0.0146,14.3022,157.5949601,11.43,0.04827659,5.6855595,elongated appendage,1,hooks,0.4577814661,0.0244813278,18.69920904,4,unassisted
Chorizanthe staticoides,CHOSTA,unassisted,1.232703819,132.5151189,0.9625051504,0.0274,7.9827,181.785432,32.5,0.11921404,2.9646447,elongated appendage,1,hooks,0.4803777972,0.0256873002,18.70098427,4,unassisted
Chylismia brevipes,CHYBRE,unassisted,0.8522680322,123.3902453,1,0.007,5.817,187.9483798,39,0.029286672,1.9897242,no appendage,0,none,0.5062086957,0.02644347826,19.14304505,1,unassisted
Chylismia cardiophylla,CHYCAR,unassisted,0.5282297343,172.498802,1,0.0058,0.3307,110.1765597,100,0.029714615,0.59381527,no appendage,0,none,0.5408943996,0.03252159376,16.63185401,1,unassisted
Chylismia claviformis,CHYCLA,unassisted,0.7571369599,94.04519958,1,0.116,0.8481,129.8410911,36.5,0.027222219,0.79766228,no appendage,0,none,0.5167904074,0.04501642576,11.48004087,1,unassisted
Chylismia claviformis ssp. claviformis,CHYCLAC,unassisted,0.6531997228,78.234048,1,0.0114,0.9677,128.5692856,36.5,0.025892716,0.92174312,no appendage,0,none,0.5270178984,0.03213337182,16.4009523,1,unassisted
Chylismia claviformis ssp. funerea,CHYCLAF,unassisted,0.7370265121,81.70190496,1,0.0082,0.7891,165.6166297,37,0.021099991,0.76221062,no appendage,0,none,0.5427717685,0.03585992428,15.13588719,1,unassisted
Clarkia dudleyana,CLADUD,unassisted,0.8381054314,38.09184038,1,0.0176,2.4543,208.5531928,70,0.020048856,1.2097876,no appendage,1,none,0.5557008522,0.05535997649,10.03795318,1,unassisted
Clarkia epilobioides,CLAEPI,unassisted,0.5312690267,38.60067335,1,0.0196,0.6723,147.0976908,45.72,0.038181481,0.8552712,no appendage,1,none,0.4894935452,0.04379675604,11.17647948,1,unassisted
Clarkia gracilis,CLAGRA,unassisted,0.8889814524,58.26531005,1,0.0412,3.8749,164.2330348,42.21666667,0.087029716,2.0606276,elongated appendage,1,hairs,0.5171656483,0.06398506449,8.082599469,1,unassisted
Clarkia purpurea,CLAPUR,ant,1.02621091,54.31966114,1,0.0186,4.5448,198.2506768,25.9,0.027965908,1.5864617,elongated appendage,1,hairs,0.5386043956,0.05654578755,9.525102028,2,ant
Clarkia unguiculata,CLAUNG,unassisted,0.8819384913,40.29184154,1,0.012,3.202,189.1295346,100,0.023246333,1.34273156,no appendage,1,none,0.547532277,0.05320129108,10.29171033,1,unassisted
Claytonia parviflora ssp. parviflora,CLAPARP,ant,1.36429621,45.17909952,1,0.0184,4.1254,195.2199674,30.48,0.041473275,1.26296535,nutrient-containing appendage,0,elaiosome,0.4569436298,0.0245943304,18.57922629,3,ant
Claytonia parviflora ssp. viridis,CLAPARV,ant,1.653113179,29.51176057,1,0.0252,4.4949,204.5344933,15.5,0.045855379,1.2097878,nutrient-containing appendage,0,elaiosome,0.4581081978,0.01771324262,25.86246955,2,ant
Claytonia perfoliata,CLAPER,ant,1.02534422,31.08800905,1,0.0148,3.7146,193.0851582,15.1836842,0.033973783,1.3648888,nutrient-containing appendage,0,elaiosome,0.4467601519,0.02895997663,15.42681328,4,ant
Collinsia concolor,COLCON,unassisted,1.397566563,88.10795754,0.8053620712,0.0902,5.2036,221.0251048,27.5,0.03213553,1.33830003,no appendage,1,none,0.4818446301,0.01722686475,27.97053539,1,unassisted
Collinsia heterophylla,COLHET,unassisted,1.471149429,95.31214087,0.8279861649,0.1336,6.0912,237.0571472,38.4,0.035953481,1.4468707,no appendage,1,none,0.4517513638,0.02579672696,17.51196439,1,ballistic
Collinsia parviflora,COLPAR,unassisted,1.501220379,87.78260631,0.8284928997,0.1902,11.2174,254.760653,30.48,0.056641752,2.14925675,no appendage,1,none,0.4653042512,0.01707696582,27.24747803,1,unassisted
Collinsia sparsiflora,COLSPA,unassisted,1.024319739,114.1677776,0.8300419434,0.0318,11.0514,190.2469888,12.73,0.045430203,2.5237149,flat appendage,0,wing,0.4138566748,0.02010504086,20.58438258,1,unassisted
Convolvulus equitans,CONEQU,ingestion,5.285628247,3.184256117,0.8556863945,0.0486,174.41,248.9978063,60.96,0.015685557,3.8863876,no appendage,1,none,0.431641603,0.02016580768,21.7244094,3,bird
Cordylanthus nevinii,CORNEV,unassisted,1.120004788,42.17162386,0.901151362,0.025,5.6209,201.9316523,50,0.070469221,1.9719984,no appendage,1,none,0.5801827676,0.04460835509,13.00614574,1,unassisted
Cordylanthus rigidus ssp. setiger,CORRIGS,unassisted,1.106764842,40.49221344,0.8852627963,0.0398,5.2593,210.0516904,60.96,0.05539944,1.78366145,no appendage,1,none,0.5171382945,0.0372245289,13.89240669,1,unassisted
Cryptantha angustifolia,CRYANG,adhesive,0.4617099764,67.55918742,1,0.0058,0.7094,139.2577786,12.5,0.046236452,1.01037228,no appendage,1,none,0.5042697,0.04164523574,12.10870082,4,adhesive
Cryptantha barbigera,CRYBAR,adhesive,0.9804458686,59.50970499,1,0.0194,5.3541,223.1785301,28,0.06351126,2.0850008,no appendage,1,none,0.4419593346,0.02362600123,18.70648064,4,adhesive
Cryptantha costata,CRYCOS,adhesive,0.7888670065,25.92607479,1,0.0196,1.96,188.2220383,15,0.06822697,1.3892618,no appendage,0,none,0.5272868648,0.04384893085,12.02507916,4,adhesive
Cryptantha intermedia,CRYINT,adhesive,0.779950305,38.6578753,1,0.0122,3.1454,195.1520396,35,0.057492596,1.7947402,no appendage,1,none,0.4283427049,0.04143829535,10.33688045,4,adhesive
Cryptantha micrantha,CRYMIC,adhesive,0.4788271742,29.65116752,1,0.0094,0.8444,136.8675862,6.5,0.041048221,1.04139226,no appendage,1,none,0.5165163699,0.04247558874,12.16031102,4,adhesive
Cryptantha muricata,CRYMUR,adhesive,0.7590676196,41.78214244,1,0.0095,3.3295,187.3603258,12.7,0.042072141,1.7415627,no appendage,1,none,0.5074523742,0.01840773386,27.56734631,4,adhesive
Cryptantha nevadensis var. rigida,CRYNEVR,adhesive,0.8464772779,40.02943946,1,0.0196,4.7668,256.0692155,20,0.03914864,1.9321153,no appendage,1,none,0.4227068524,0.03288598237,12.85370915,4,adhesive
Cryptantha pterocarya,CRYPTE,adhesive,0.4718535249,49.11208247,1,0.014,3.8336,231.7188812,25,0.050195353,2.06505905,flat appendage,1,wing,0.5038796861,0.03177274048,15.85886765,4,adhesive
Cucurbita palmata,CUCPAL,ingestion,5.857566247,44.80793762,1,0.532,751.6,336.2666815,7.5,0.086865351,9.9596993,no appendage,0,none,0.5228720197,0.02624280625,19.92439432,4,large mammal (internal)
Cynosurus echinatus,CYNECH,adhesive,1.502526543,38.15372763,0.2738704868,0.0068,18.17,221.8193282,41.8125,0.095173148,3.5008512,elongated appendage,1,awn,0.4311150442,0.02952465234,14.60186692,4,adhesive
Daucus pusillus,NA,adhesive,0.7169644585,126.1317543,0.2362897766,0.0822,19.9556,179.0958206,17.1888889,0.049685107,4.89011295,elongated appendage,1,prickles,NA,NA,NA,4,adhesive
Deinandra fasciculata,DEIFAS,unassisted,0.996337121,55.23112835,1,0.059,6.0169,181.8003988,52,0.073686196,2.2135129,flat appendage,1,pappus,0.5002297179,0.02974411166,16.817773,1,unassisted
Deschampsia danthonioides,DESDAN,ingestion,0.7737530038,34.8049035,0.9699630314,0.033,1.8173,151.0752413,45.72,0.069208015,1.3737519,no appendage,0,none,0.4004151565,0.01780560132,22.48815692,3,bird
Descurainia pinnata,DESPIN,ingestion,0.8462600546,379.8737802,0.9718467419,0.0342,1.3049,178.2246339,35,0.030036526,0.90401725,no appendage,0,none,0.5406664551,0.03657569026,14.78212581,3,small mammal (internal or caching)
Diplacus bigelovii,DIPBIG,unknown,0.557804668,18.68686869,0.9196730552,0.005,0.372,80.37221423,13.5,0.036557072,0.63369836,no appendage,0,none,0.542992726,0.02987530308,18.17530435,0,unknown
Draba cuneifolia,DRACUN,unassisted,0.455352731,6.962184183,1,0.01,0.5841,102.349704,15,0.017732948,0.7843679,no appendage,1,none,0.556629055,0.04153385049,13.40181679,1,unassisted
Elymus caput-medusae,ELYCAP,adhesive,1.990266645,56.50852596,0.2021437524,0.0178,33.06,181.8178605,34.9290826,0.161602988,6.1663725,elongated appendage,1,awn,0.3887427466,0.01467762734,26.48539425,4,adhesive
Emmenanthe penduliflora,EMMPEN,unassisted,0.7129270122,56.95653988,0.8042544273,0.015,5.1524,152.8257059,45,0.056041346,2.06949065,no appendage,1,none,0.503258497,0.01659494855,30.32600526,1,unassisted
Emmenanthe penduliflora var. penduliflora,EMMPENP,unassisted,0.8096562458,70.54064351,0.7710576923,0.0114,5.4756,173.0096864,45.1104,0.063748495,2.058412,no appendage,1,none,0.5040204866,0.0209603073,24.04642639,1,unassisted
Epilobium brachycarpum,EPIBRA,wind,0.7077883113,59.67619401,1,0.0092,1.8489,154.8916385,47.825,0.075833817,1.44687075,no appendage,1,none,0.5403369639,0.04495575221,12.01930648,2,wind
Eremothera boothii,EREBOO,unknown,0.6903075975,43.45994546,1,0.0156,1.8862,147.5684334,30.48,0.072758308,1.460165,no appendage,1,none,0.5009729032,0.03374709677,14.84491856,0,unknown
Eriastrum diffusum,ERIDIF,ant,0.7888724124,1003.742196,0.9584220003,0.0082,1.6855,139.2350137,20,0.059251413,1.2186506,no appendage,0,none,0.4872280987,0.03103607269,15.69876781,2,ant
Eriastrum eremicum,ERIERE,unknown,0.7783726599,1138.271088,0.9529950789,0.0068,1.4668,138.8613115,17.78,0.040704421,1.07684406,no appendage,0,none,0.4722256284,0.03823114654,12.35185631,0,unknown
Eriastrum sapphirinum,ERISAP,unknown,0.7746370762,1816.322126,0.8449830058,0.007,2.1437,156.3040016,22.5,0.037898595,1.29841706,no appendage,0,none,0.4660901203,0.02676742233,17.41258887,0,unknown
Eriogonum gracillimum,ERIGRA,wind,1.204624703,100.6976686,1,0.0092,1.5509,168.3459314,30,0.04910674,1.03696092,no appendage,0,none,0.4306244261,0.03547597184,12.13848145,2,wind
Eriogonum parishii,ERIPAR,wind,0.9611559944,44.55776486,1,0.0086,2.416,181.5512243,25,0.030252358,1.2851227,no appendage,1,none,0.4292925764,0.01858224163,23.10230299,2,wind
Eriogonum pharnaceoides,ERIPHA,wind,1.279178086,59.65994658,0.7781725325,0.0592,6.3293,200.0047848,21.3,0.048610878,1.9897244,elongated appendage,0,,0.5490815691,0.03198941469,17.16447689,2,wind
Eriophyllum lanosum,ERILAN,wind,0.4300162322,104.6643187,1,0.0212,0.9843,113.042583,8,0.182887305,3.3900649,elongated appendage,0,pappus,0.4947590738,0.02821652065,17.53437569,2,wind
Eriophyllum wallacei,ERIWAL,wind,0.4110753107,141.3140712,1,0.0162,0.7359,88.87035826,8,0.149486167,2.0207445,flat appendage,1,pappus,0.5067532874,0.02499373826,20.27520982,2,wind
Erodium botrys,EROBOT,adhesive,10.47962822,31.1232721,1,0.0138,131.85,254.5104381,19.92,0.111177203,3.8154846,elongated appendage,1,awn,0.4837749604,0.06590808241,7.340146196,4,adhesive
Erodium cicutarium,EROCIC,adhesive,4.358401337,NA,1,0.014,27.82,274.0276119,13.60623076,0.104680768,2.6278539,elongated appendage,1,awn,0.4631528822,0.05320802005,8.704569006,4,adhesive
Erodium texanum,EROTEX,adhesive,5.747038635,25.59510745,1,0.0102,58.53333333,240.1178655,30,0.110994967,3.354613,elongated appendage,1,awn,0.49477666,0.06471227364,7.645793172,4,adhesive
Erysimum repandum,ERYREP,adhesive,0.6065383244,44.96840986,1,0.0156,1.6504,158.0851643,23.0357143,0.042966762,1.2496709,no appendage,0,none,0.4938388238,0.04416008712,11.18292232,4,adhesive
Erythranthe guttata,ERYGUT,ingestion,0.3179794082,41.26515963,0.9155597723,0.0078,0.2238,98.88531095,11.6,0.037073778,0.62926691,no appendage,0,none,0.5528009495,0.04503560529,12.27475341,3,bird
Eschscholzia glyptosperma,ESCGLY,unassisted,1.397776994,41.19530665,0.5541823392,0.0348,6.1157,205.7201065,15,0.000725625,1.240808,no appendage,1,none,0.3942725968,0.02254519369,17.48809978,1,ballistic
Eschscholzia minutiflora,ESCMIN,unassisted,1.340986583,33.59857337,0.6222722549,0.0352,5.7029,197.6280672,20,0.001352501,1.2496711,no appendage,1,none,0.59453789,0.03598514116,16.52176067,1,ballistic
Eucrypta chrysanthemifolia,EUCCHR,unassisted,1.203526105,54.28579921,0.7896716332,0.0174,5.0597,201.191535,90,0.009914308,1.3427317,no appendage,1,none,0.5039473684,0.03153553988,15.98029938,1,unassisted
Eucrypta micrantha,EUCMIC,unassisted,0.7299095918,58.91864897,0.7444512319,0.0082,0.7746,141.3647036,30,0.037558295,0.79766226,no appendage,1,none,0.4970427586,0.02500689655,19.87622725,1,unassisted
Eulobus californicus,EULCAL,unknown,0.8955080514,82.31858089,1,0.0114,2.5,175.413288,91,0.078948867,1.5687359,no appendage,0,none,0.5200654525,0.02678713717,19.41474556,0,unknown
Euphorbia crenulata,EUPCRE,unknown,0.8876289131,NA,NA,NA,6.9815,207.6102397,13.95,0.006418504,1.7991715,no appendage,1,none,0.4974484761,0.03103047896,16.03096352,0,unknown
Evax multicaulis,EVAMUL,unassisted,0.2603147126,64.65852223,1,0.0074,0.2145,83.59011593,13.5,0.05039053,0.74448479,no appendage,0,none,0.4860856574,0.04302124834,11.29873437,1,unassisted
Festuca microstachys,FESMIC,adhesive,1.062568392,64.93949693,0.2967470479,0.021,14.41,167.2826448,18.09462366,0.149548603,5.3820046,elongated appendage,0,awn,0.4432149712,0.02697056942,16.43328194,4,adhesive
Festuca myuros,FESMYU,adhesive,0.6445686841,58.61156451,0.1941043084,0.0018,7.0416,185.0644649,28.07676768,0.168878158,5.38643605,elongated appendage,1,awn,0.4438631857,0.0246397885,18.01408262,4,adhesive
Festuca octoflora,FESOCT,wind,0.4761176677,70.55332576,0.1467619849,0.0068,3.0987,132.5783564,5.3,0.131886227,3.05881325,elongated appendage,1,awn,0.4249910448,0.01888358209,22.50584888,2,wind
Festuca perennis,FESPER,adhesive,1.717974356,46.65005182,0.2779543649,0.014,26.31,230.5219369,53.22277778,0.092650944,3.692511533,elongated appendage,1,awn,0.416038961,0.0171969697,24.19257395,4,adhesive
Galium murale,GALMUR,adhesive,0.6184875928,80.774565,0.8708201338,0.0108,1.6834,146.5635427,10.08333333,0.02170139,1.134453,elongated appendage,1,hairs,0.4574858149,0.02709110043,16.89256284,4,adhesive
Gastridium ventricosum,GASVEN,wind,0.2536790005,22.58726899,0.3415647357,0.0192,0.9256,145.7809479,25.14285715,0.161910532,4.0858033,elongated appendage,0,awn,0.4253589272,0.02672626874,15.91538764,2,wind
Geraea canescens,GERCAN,ingestion,0.2681933892,140.327531,1,0.03,17.22,129.7062919,45,0.112520825,10.23445,elongated appendage,1,hairs,0.4481484742,0.01947476526,23.0117523,3,small mammal (internal or caching)
Geranium dissectum,GERDIS,adhesive,4.011361573,82.74103026,1,0.053,61.11,256.2812868,17.58945783,0.012141328,2.5214992,no appendage,0,none,0.4847468354,0.03783709411,12.81141818,4,adhesive
Gilia angelensis,GILANG,unassisted,1.363328407,1301.124898,0.9058632882,0.0242,3.2545,197.5062762,38.5,0.010263842,1.0103722,no appendage,1,none,0.4869551966,0.02541907955,19.15707434,1,unassisted
Gilia capitata,GILCAP,unassisted,1.522301623,632.1962982,0.9064315768,0.0504,9.0258,229.2686526,24.8,0.032523824,1.8301919,no appendage,0,none,0.4833616188,0.02548955614,18.9631242,1,unassisted
Gilia latiflora ssp. davyi,GILLATD,unassisted,1.010230137,841.3884007,0.8450956115,0.017,2.1525,181.430463,20,0.027707757,1.074628415,no appendage,1,none,0.5116312481,0.02847051781,17.9705635,1,unassisted
Gilia tricolor,GILTRI,unassisted,1.490103263,1182.450393,0.8669760247,0.019,3.975,209.5793946,12.325,0.02884708,1.20535634,no appendage,1,none,0.4486501548,0.02846130031,15.76351572,1,unassisted
Helianthus annuus,HELANN,adhesive,2.521478813,19.77671081,1,0.1474,55.59,204.3664807,223.5192857,0.083973793,4.3406122,no appendage,0,none,0.5118990704,0.02132270916,24.00722471,4,adhesive
Helianthus deserticola,HELDES,unknown,1.356116386,34.78690422,1,0.0888,30.4,204.9358822,25,0.123533951,5.3443373,no appendage,0,none,0.5697205758,0.03673440587,15.50918171,0,unknown
Helianthus niveus,HELNIV,unknown,1.042452353,93.30579268,1,0.094,26.59,191.8378826,100.584,0.096640497,5.0917442,no appendage,0,none,0.5386295229,0.04330451489,12.43818397,0,unknown
Helianthus niveus ssp. canescens,HELNIVC,unknown,1.722346673,41.48550886,1,0.0866,21.96,206.8651484,152.4,0.120847216,4.01046865,no appendage,0,none,0.5563874963,0.03552934238,15.65994356,0,unknown
Helianthus petiolaris ssp. fallax,HELPETF,unknown,1.564218559,15.62438317,1,0.07225,21.79,203.9199979,182.88,0.104718353,3.8753092,no appendage,0,none,0.566558373,0.03944796619,14.3621694,0,unknown
Heliomeris longifolia var. annua,HELLONA,unknown,0.9769856919,50.23380094,1,0.0308,3.582,193.419783,43,0.11710632,2.2135129,no appendage,0,none,0.5668351384,0.03828519856,14.80559485,0,unknown
Hemizonia congesta,HEMCON,unassisted,1.601141207,47.1135721,1,0.044,14.16,221.7292966,37.7,0.064666027,2.61012835,no appendage,0,none,0.4901710655,0.03259501011,15.2073156,1,unassisted
Herniaria hirsuta,NA,adhesive,0.8487027845,NA,NA,NA,0.7526666667,143.8817644,12,0.009535146,0.620404,no appendage,0,none,NA,NA,NA,4,adhesive
Hesperocnide tenella,HESTEN,unknown,0.6050188145,59.35085008,1,0.0444,1.2366,119.5534639,25,0.053532461,1.1632573,no appendage,1,none,0.4963162678,0.03491366253,14.21553145,0,unknown
Heterotheca sessiliflora,HETSES,wind,0.6810633413,83.51065196,1,0.0428,7.088,96.96220291,45,0.114250404,3.6958352,elongated appendage,1,plume,0.4799057143,0.03394571429,14.13744634,2,wind
Holocarpha virgata,HOLVIR,adhesive,1.533324075,69.58189039,1,0.1949,19.28888889,204.9559981,31.65,0.091028303,3.5628914,no appendage,0,none,0.556614654,0.04207259159,13.22986374,4,adhesive
Hordeum intercedens,HORINT,adhesive,1.771335194,66.00554059,0.3403639172,0.0808,29.79,207.7227436,22.5,0.124756116,5.0407826,elongated appendage,1,awn,0.4168047149,0.02287671233,18.2196073,4,adhesive
Hordeum murinum,HORMUR,adhesive,3.030490093,68.47816304,0.304873493,0.0562,95.16,206.259398,32.22692308,0.122461815,6.54304635,elongated appendage,1,awn,0.4099630577,0.02319693095,17.67315938,4,adhesive
Hypochaeris glabra,HYPGLA,adhesive,1.448945178,79.52664361,1,0.0051,7.47205,128.489545,27.25792685,0.1519799385,3.3302399,elongated appendage,1,plume,0.4890338346,0.03313157895,14.76035402,4,adhesive
Laennecia coulteri,LAECOU,wind,0.2673249801,52.36888591,1,8.00E-04,0.3259,74.55675828,80,0.071092364,0.97935196,elongated appendage,0,pappus,0.5377935723,0.03638133498,14.7821286,2,wind
Lagophylla minor,LAGMIN,unknown,0.7888399801,81.5558438,1,0.0326,3.4951,110.0434501,12.35,0.110842764,2.38190825,no appendage,0,none,0.5128947368,0.04908536585,10.44903563,0,unknown
Langloisia setosissima ssp. punctata,LANSETP,unknown,0.9078277276,760.616797,0.8878187737,0.0264,2.7034,166.3241079,8.89,0.05194944,1.44243935,no appendage,0,none,0.4549903661,0.02879713735,15.79984707,0,unknown
Lasthenia californica,LASCAL,ant,0.4833128007,42.73334979,1,0.0202,1.5367,131.7241878,11.3699359,0.144358159,2.53787087,elongated appendage,1,pappus,0.4702376543,0.04211111111,11.16659337,2,ant
Lasthenia coronaria,LASCOR,unassisted,0.5167112368,27.441181,1,0.0084,1.0479,105.7621044,40,0.153914285,2.18717045,flat appendage,1,pappus,0.5116542981,0.03242424242,15.77999237,1,unassisted
Lasthenia minor,LASMIN,unassisted,0.332333644,56.73657337,1,0.01966666667,1.0278,99.67679779,35,0.1315004,2.180910071,flat appendage,1,pappus,0.4796055437,0.04100479744,11.69632759,1,unassisted
Layia glandulosa,LAYGLA,wind,1.189425517,76.8814301,1,0.046,8.92,147.4715927,31.5,0.138536509,3.990527222,elongated appendage,1,pappus,0.5568042117,0.02506829824,22.21148825,2,wind
Layia platyglossa,LAYPLA,wind,0.8592334189,68.93645063,1,0.0342,5.9047,162.2462842,23.23333333,0.126374029,3.37455465,elongated appendage,1,pappus,0.5234985134,0.03896266931,13.43589961,2,wind
Lepidium dictyotum,LEPDIC,unassisted,1.480966616,3069.718574,1,0.0238,4.8807,212.4579686,7.5,0.073090154,1.5288527,no appendage,1,none,0.4785527438,0.03514643162,13.61596958,1,unassisted
Lepidium lasiocarpum,LEPLAS,unassisted,3.773658895,100.1662232,1,0.0192,12.564,189.2183012,20,0.07316912,1.5222056,balloon structure,0,balloon,0.5047853338,0.04210592291,11.98846383,1,unassisted
Lepidium nitidum,LEPNIT,unassisted,1.444209364,2901.176147,0.9788534889,0.0186,7.18075,228.1856662,6.14625,0.066209777,1.841270375,no appendage,0,none,0.4645593159,0.03588579629,12.98189349,1,unassisted
Leptosiphon montanus,LEPMON,unknown,1.376729455,794.7280378,0.922263771,0.0128,12.4971,165.3443639,35,0.081731777,2.71869895,no appendage,1,none,0.4599006828,0.04943823712,9.302529977,0,unknown
Leptosyne bigelovii,LEPBIG,wind,0.33516139,81.29424696,1,0.0098,12.6029,109.0235674,20,0.128827387,7.6442634,elongated appendage,1,pappus,0.4987615176,0.0182601626,27.31418819,2,wind
Lesquerella gordonii,LESGOR,unknown,1.460116155,605.5797923,1,0.0162,7.4293,183.3337932,41,0.06296793,1.5864617,no appendage,0,none,0.5250447227,0.04044722719,12.98098187,0,unknown
Linanthus bigelovii,LINBIG,unknown,0.3898279272,99.23896193,0.9203539823,0.0116,1.6802,140.5424943,12.5,0.023408906,1.5155583,balloon structure,0,balloon,0.509086728,0.02210906702,23.02615156,0,unknown
Linanthus dichotomus,LINDIC,unknown,0.4822875475,324.5822433,0.8878192534,0.0092,0.6679,124.0808595,8.26,0.024440044,0.86856557,no appendage,1,none,0.535685295,0.03106150484,17.24595437,0,unknown
Loeseliastrum matthewsii,LOEMAT,unknown,1.19665981,1567.08543,1,0.0088,4.2732,229.6707643,8.89,0.017355238,1.3161427,no appendage,1,none,0.4647581381,0.02007301491,23.15337981,0,unknown
Logfia filaginoides,LOGFIL,wind,0.447926479,30.12252479,1,0.0064,0.3325,114.1951578,13.825,0.060369347,0.7311904,elongated appendage,1,pappus,0.50366719,0.05130926217,9.816301554,2,wind
Logfia gallica,LOGGAL,wind,0.1451686442,68.64180142,1,0.0072,0.2117,94.7257472,13.3,0.023780556,0.833113925,no appendage,1,none,0.4738228438,0.04917637918,9.635171433,2,wind
Lupinus bicolor,LUPBIC,unassisted,3.174224007,89.27817707,0.8391931643,0.1604,44.34,222.6306568,20.21818965,0.041881024,2.6854631,no appendage,1,none,0.4406515274,0.06722627737,6.554751277,1,unassisted
Lupinus hirsutissimus,LUPHIR,unassisted,6.096734589,41.55624691,0.973872335,0.0944,237.99,255.1792178,60,0.023347566,4.3051606,no appendage,1,none,0.4461818182,0.05149529781,8.664515736,1,unassisted
Lupinus kingii,LUPKIN,unassisted,4.826536957,11.51815241,0.9686247878,0.055,97.41,282.7485104,6.14,0.034920559,3.0865098,no appendage,0,none,0.4049759075,0.05350787022,7.568529747,1,unassisted
Lupinus microcarpus,LUPMIC,unassisted,4.081885342,14.30817,0.9462064794,0.0482,244.71,293.1780455,18.764,0.055994538,9.014993986,no appendage,1,none,0.4497849788,0.07150817686,6.289979671,1,unassisted
Lupinus microcarpus var. horizontalis,LUPMICH,unassisted,5.448008513,32.91171979,0.9487045002,0.0812,323.03,284.9363018,44.6532,0.031586842,5.35098445,no appendage,1,none,0.438305638,0.06318397626,6.936974593,1,unassisted
Lupinus microcarpus var. microcarpus,LUPMICM,unassisted,6.788960625,2.132727884,0.9228385764,0.1224,335.05,330.7159927,44.6532,0.027264293,4.9432903,no appendage,1,none,0.4802677078,0.08319018405,5.773129525,1,unassisted
Lupinus sparsiflorus,LUPSPA,unassisted,4.06899654,40.86259483,0.9838935212,0.0472,66.1,295.5360145,27.5,0.028463935,2.9048202,no appendage,0,none,0.4506720779,0.06491233766,6.942779973,1,unassisted
Lupinus succulentus,LUPSUC,unassisted,6.542825656,14.55865037,0.9816419387,0.1264,261.08,292.4669172,31.6,0.024253188,4.36276945,no appendage,0,none,0.4487379709,0.06488864449,6.915508475,1,unassisted
Machaeranthera tagetina,MACTAG,wind,1.009856261,44.7762852,1,0.0842,6.6608,193.0859368,51,0.1225989245,3.018560963,elongated appendage,1,pappus,0.5472436873,0.04364770307,12.53774308,2,wind
Madia elegans,MADELE,adhesive,1.576338775,56.86700503,1,0.0692,20.85,243.7105781,32.9,0.110096657,3.8487205,no appendage,0,none,0.5221453071,0.043797942,11.92168589,4,adhesive
Madia gracilis,MADGRA,adhesive,2.031797274,77.28530674,1,0.0782,27.865,206.6396636,33.9,0.120492575,4.120147325,elongated appendage,1,hairs,0.5098098209,0.04128434432,12.37960893,4,adhesive
Malacothrix coulteri,MALCOU,unassisted,0.5794023576,93.43337525,1,0.0126,2.6361,152.9466032,75,0.115946841,2.2822005,elongated appendage,1,pappus,0.5253841445,0.04214263851,12.46680709,2,unassisted
Malacothrix fendleri,MALFEN,ingestion,0.5339668148,83.41440933,1,0.0066,1.7004,131.4068439,17.5,0.114289556,1.9897243,no appendage,1,none,0.5490544005,0.03334662489,16.46506662,3,small mammal (internal or caching)
Malacothrix glabrata,MALGLA,ingestion,0.4819912916,80.19106944,1,0.0068,2.5117,160.6496535,38.106,0.13853252,2.8848784,elongated appendage,1,pappus,0.5088032328,0.03308672676,15.37786546,3,small mammal (internal or caching)
Malva parviflora,MALPAR,unassisted,2.732572574,98.23168677,0.3932680749,0.0482,21.22,212.3810596,65,0.01274129,1.7991717,no appendage,1,none,0.4620637529,0.04098915544,11.27282931,1,unassisted
Matthiola parviflora,MATPAR,unassisted,0.8470504929,65.71303677,0.943902439,0.042,2.2556,169.2556505,22.7,0.046698205,1.21643485,no appendage,0,none,0.5186572743,0.05914031052,8.769945063,1,unassisted
Medicago polymorpha,MEDPOL,adhesive,1.614923062,112.851752,NA,NA,255.44,263.6798407,30.70758578,0.017731466,9.62069255,elongated appendage,0,hooks,0.5143768012,0.05765129683,8.922206948,4,adhesive
Melilotus indica,MELIND,unassisted,2.26813403,10.96300043,0.920919015,0.0652,15.96,242.2022545,35,0.00870701,1.7238367,no appendage,1,none,0.4334381076,0.028169151,15.38697803,1,unassisted
Mentzelia albicaulis,MENALB,unassisted,0.8165812823,68.74507669,0.8908413999,0.0162,3.5497,167.8500142,23.5,0.013388442,1.4623809,no appendage,1,none,0.4583973433,0.03644239099,12.57868463,1,unassisted
Mentzelia involucrata,MENINV,unassisted,1.596981283,42.35568884,NA,NA,16.39,220.3355558,21,0.051316917,2.41735975,no appendage,1,none,0.4452503996,0.0420564731,10.58696478,1,unassisted
Mentzelia micrantha,MENMIC,unassisted,1.128282147,33.43806803,0.846653144,0.027,7.6805,198.2274797,45,0.043801189,2.0561961,no appendage,1,none,0.5160073885,0.0291673771,17.69125097,1,unassisted
Micropus californicus,MICCAL,wind,0.2210753516,31.73471771,1,0.0292,8.4658,110.1796667,17.5,0.004977853,3.9971742,elongated appendage,NA,pappus,0.4386818981,0.01980316344,22.15211218,2,wind
Microseris douglasii,MICDOU,ant,1.66025744,97.91095273,1,0.08811111111,20.3024,175.4419747,9.096428573,0.15496981,5.2579237,elongated appendage,1,pappus,0.5036834734,0.02336484594,21.55732055,2,ant
Microseris elegans,MICELE,unassisted,0.7041156291,84.72320415,1,0.027,4.5395,148.1679641,6.96,0.138811599,3.329132125,elongated appendage,1,pappus,0.4724051655,0.03563626581,13.25630379,1,unassisted
Microsteris gracilis,MICGRA,unknown,1.249235481,382.253205,0.930933356,0.0426,8.87675,165.9093775,7.25,0.076516062,2.24010175,no appendage,1,none,0.4706546524,0.02959911732,15.90096918,0,unknown
Minuartia douglasii,MINDOU,unassisted,0.5654915255,62.33270724,NA,NA,2.5506,122.8000637,8.85,0.05803167,1.49118525,no appendage,0,none,0.4242809466,0.01827973301,23.21045643,1,unassisted
Mohavea confertiflora,MOHCON,wind,0.369427287,128.9997853,0.8742056379,0.03,1.7053,116.1965825,22.5,0.044969176,1.672875,flat appendage,0,,0.5580761965,0.02307934509,24.18076398,2,wind
Monarda citriodora var. austromontana,MONCITA,ant,1.199979999,12.6972863,NA,NA,4.1776,163.9065162,65.48,0.024195067,1.3161428,no appendage,1,none,0.5367214533,0.03373702422,15.90897436,2,ant
Monardella breweri ssp. lanceolata,MONBREL,unassisted,1.332378734,146.1569523,0.9479097102,0.0256,4.402,166.5483951,37,0.040552569,1.3693202,no appendage,0,none,0.5935918481,0.037578592,15.79601088,1,unassisted
Monolopia lanceolata,MONLAN,unassisted,1.097793591,75.84903716,1,0.0692,10.4176,158.658544,36,0.090530506,2.993449125,elongated appendage,1,hairs,0.5279659455,0.03213170201,16.53791872,1,unassisted
Monoptilon bellioides,MONBEL,wind,0.6145627452,59.87859389,1,0.0102,1.6732,114.4312229,25,0.097513961,1.7570728,elongated appendage,1,pappus,0.5072134324,0.03200839522,15.84626248,2,wind
Muhlenbergia microsperma,MUHMIC,adhesive,0.7739561702,33.09023576,0.4167999147,0.0064,1.7813,179.9518777,35,0.147483859,2.1758455,elongated appendage,0,awn,0.4086170213,0.02217805151,18.42438778,4,adhesive
Navarretia atractyloides,NAVATR,unassisted,1.262155999,698.8207669,1,0.029,1.853,166.3111708,17,0.022307177,0.89515432,no appendage,1,none,0.4864079538,0.03299230276,14.74307378,1,ballistic
Navarretia hamata,NAVHAM,unassisted,0.7988621457,488.1479212,NA,NA,1.3592,161.8243167,19,0.025605771,0.96605764,no appendage,1,none,0.4536123632,0.03659368963,12.39591765,1,ballistic
Navarretia pubescens,NAVPUB,unassisted,1.375656526,66.40871862,0.9038255622,0.0228,7.1503,184.4666707,11.3,0.070278317,2.0251759,no appendage,1,none,0.5231209232,0.0449222278,11.64503518,1,ballistic
Nemacladus longiflorus var. breviflorus,NEMLONB,unassisted,0.6617648392,194.5303264,0.8432835821,0.0058,0.2963,92.60239855,7.875,0.006687027,0.43428278,no appendage,0,none,0.5072497602,0.02148704829,23.60723322,1,unassisted
Nemophila menziesii,NEMMEN,ant,2.389462013,90.8878208,0.7652049656,0.0228,11.9712,184.0069293,13.55,0.016463784,1.4978325,no appendage,1,none,0.4212076677,0.02015335463,20.90012682,2,ant
Osmadenia tenella,OSMTEN,wind,1.282304423,75.25637337,1,0.009,4.1726,190.8997462,22.5,0.083962249,1.811358,elongated appendage,1,pappus,0.5069345616,0.02651207116,19.12089624,2,wind
Oxytheca perfoliata,OXYPER,unknown,1.121456125,85.79431347,NA,NA,4.7226,184.8373374,13,0.048529075,1.8301918,elongated appendage,1,hairs,0.4281745562,0.03109763314,13.76871849,0,unknown
Palafoxia arida,PALARI,wind,1.261650775,123.2900814,1,0.0506,34.47142857,156.6186328,201.17,0.176707446,10.3961996,elongated appendage,1,pappus,0.4865706974,0.02347088932,20.73081641,2,wind
Palafoxia arida var. arida,PALARIA,wind,0.9673524505,92.18376411,1,0.064,27.28,208.4097236,40,0.175400979,10.6842442,elongated appendage,1,hairs,0.5067040125,0.03593017196,14.10246555,2,wind
Panicum hirticaule var. hirticaule,PANHIRH,ingestion,1.428651531,14.38547286,0.6131530282,0.0644,8.9228,208.6569989,45,0.070712018,2.25118035,no appendage,0,none,0.4366826795,0.02566052842,17.01768071,3,bird
Pectis papposa var. papposa,PECPAPP,wind,0.3900323639,117.4216994,1,0.013,1.6051,116.1056279,10.5,0.159901771,3.7091297,elongated appendage,1,pappus,0.4616286645,0.02325436778,19.85126703,2,wind
Pectocarya heterocarpa,PECHET,adhesive,0.8399992882,50.3979853,NA,NA,4.6937,156.3628182,13.5,0.0379447315,1.99304795,elongated appendage,1,hairs,0.448293512,0.03554976305,12.61046694,4,adhesive
Pectocarya penicillata,PECPEN,adhesive,0.5483567145,96.54020205,NA,NA,4.05435,149.5910472,5.97037037,0.066986282,2.4339778,flat appendage,1,wing,0.4182286585,0.02397560976,17.44392167,4,adhesive
Pectocarya recurvata,PECREC,adhesive,0.6805209024,67.67568118,NA,NA,5.414,151.6606422,12.25,0.073494908,2.481616,elongated appendage,1,prickles,0.420731982,0.02828265766,14.87597054,4,adhesive
Perityle emoryi,PEREMO,unassisted,0.3350561382,54.4903947,NA,NA,2.2337,101.1727655,31,0.140789892,3.49641955,no appendage,0,none,0.5057725694,0.02758969907,18.33193498,1,unassisted
Phacelia brachyloba,PHABRA,unassisted,0.9228320293,32.01808812,0.7473267327,0.024,1.22,141.7545976,33.5,0.020294112,0.80652519,no appendage,1,none,0.5201688103,0.02239817792,23.22371097,1,unassisted
Phacelia calthifolia,PHACAL,unassisted,0.7542822081,67.5316522,0.7547200521,0.02,1.5322,167.4173265,20,0.040816328,1.1167272,no appendage,1,none,0.4652641753,0.02444587629,19.03241961,1,unassisted
Phacelia cicutaria,PHACIC,unassisted,1.600616042,54.24709489,0.8272394881,0.0426,8.1423,235.5952975,39,0.027692141,1.5886775,no appendage,1,none,0.479759141,0.02374347069,20.20593987,1,unassisted
Phacelia cicutaria var. hispida,PHACICH,unassisted,1.057177506,63.91751037,0.7727000837,0.0374,4.3942,235.1556692,39.65,0.032226926,1.4845381,no appendage,1,none,0.4769577791,0.01847310584,25.81903569,1,unassisted
Phacelia crenulata,PHACRE,ant,0.7573050249,135.012832,0.8535005349,0.0176,12.0078,209.0256054,43.5,0.064322391,3.4033591,no appendage,1,none,0.4684705228,0.02308954394,20.28929303,2,ant
Phacelia davidsonii,PHADAV,unassisted,1.269253272,83.13163116,0.8503112191,0.0454,2.2373,189.9222744,17.5,0.030399695,0.97048909,no appendage,1,none,0.4735385592,0.01743573469,27.15908264,1,unassisted
Phacelia distans,PHADIS,unassisted,1.220465476,81.05104984,0.8342513346,0.0416,7.708833333,254.2546633,42.5,0.065248853,2.18470845,no appendage,1,none,0.4545943335,0.02726980039,16.67024793,1,unassisted
Phacelia fremontii,PHAFRE,unassisted,1.24025,72.01139263,0.7742238946,0.035,2.7902,183.1351677,17.5,0.037838055,1.1920619,no appendage,1,none,0.4559186387,0.0166232385,27.42658349,1,unassisted
Phacelia grandiflora,PHAGRA,unassisted,1.046020643,137.9381572,0.8062418726,0.0086,1.2555,154.4436288,115,0.027527226,0.79323081,no appendage,1,none,0.5221096505,0.02172491183,24.03276269,1,unassisted
Phacelia parryi,PHAPAR,unassisted,1.344260121,86.09193102,0.802659472,0.0266,1.9577,163.5126255,55,0.017850728,0.82868246,no appendage,1,none,0.4689168393,0.02020420243,23.20887652,1,unassisted
Phacelia viscida,PHAVIS,unassisted,0.9911173037,92.61127152,0.7763902439,0.0068,1.6793,165.6317477,70.1,0.014449998,0.8862914,no appendage,1,none,0.4736547619,0.01950297619,24.28628109,1,unassisted
Phaseolus acutifolius var. tenuifolius,PHAACUT,unassisted,6.738560003,0.6180141222,NA,NA,214.05,252.1075072,120,0.042760621,4.06586185,no appendage,0,none,0.4077319902,0.03521672772,11.57779319,1,ballistic
Pholistoma auritum,PHOAUR,unknown,4.647327159,60.94589546,0.6330596312,0.05,77.99,257.02434,70,0.001243924,2.4284385,no appendage,1,none,0.4050537027,0.01440079141,28.12718351,0,unknown
Physalis crassifolia,PHYCRA,ingestion,1.644106989,38.50986197,NA,NA,13.6056,167.8012276,25,0.060222926,2.04733325,no appendage,0,none,0.5312478968,0.02035333707,26.10126757,3,bird
Plagiobothrys arizonicus,PLAARI,adhesive,1.953703787,42.67479585,NA,NA,14.28,177.7368426,25,0.004580168,1.7903087,no appendage,1,none,0.4227874934,0.02955219926,14.30646463,4,adhesive
Plagiobothrys nothofulvus,PLANOT,adhesive,2.529090155,34.42579708,1,0.0348,38.49,288.2228627,18.03333333,0.039249021,3.0311166,no appendage,1,none,0.4079617655,0.03285352825,12.4175937,4,adhesive
Plantago erecta,PLAERE,ant,2.313894741,1440.39128,NA,NA,19.65,228.5702099,6.426666667,0.06830008,2.46167445,no appendage,0,none,0.444843962,0.02729986431,16.29473161,2,ant
Plantago ovata,PLAOVA,unassisted,1.222101297,1166.725092,0.8946558759,0.0104,10.3183,226.7853447,15,0.076275325,2.54365635,no appendage,0,none,0.440936245,0.02898594378,15.21207135,1,unassisted
Plantago ovata var. insularis,PLAOVAI,ant,1.402574523,892.8236627,0.9361349184,0.0122,11.3986,181.4751735,18.5,0.074487095,2.4705374,no appendage,0,none,0.4389917355,0.02762644628,15.89027163,3,ant
Plantago patagonica,PLAPAT,ant,1.525802237,873.7853778,0.8759290258,0.0082,9.7465,201.334638,15.24,0.086623154,2.36861385,no appendage,0,none,0.4648670281,0.02773560547,16.7606591,3,ant
Platystemon californicus,PLACAL,unknown,1.226470802,68.43565023,NA,0.0112,4.2968,209.2996356,7.58,0.009866786,1.240808,no appendage,1,none,0.4845090614,0.01877738707,25.80279458,0,unknown
Polypogon monspeliensis,POLMON,adhesive,1.306133601,43.7402602,0.4410544301,0.006,0.9121,156.2409113,31.3008889,0.075014992,0.79323082,elongated appendage,1,awn,0.428350365,0.03306569343,12.95452539,4,adhesive
Pterostegia drymarioides,PTEDRY,unassisted,1.132819037,22.98556235,NA,NA,2.7861,181.5636532,50,0.031325246,1.2275135,no appendage,0,none,0.4177880038,0.01731831165,24.12406084,1,unassisted
Rafinesquia californica,RAFCAL,wind,0.6452680922,127.4820791,1,0.0134,13.3838,216.5996083,85,0.157914269,8.8053051,elongated appendage,1,pappus,0.482803288,0.02460600907,19.62135699,2,wind
Rigiopappus leptocladus,RIGLEP,wind,0.6912323847,84.35109147,1,0.0096,6.395,201.6088378,11.35,0.16315934,5.056784889,elongated appendage,1,pappus,0.4729408138,0.03159679408,14.968,2,wind
Salvia carduacea,SALCAR,ingestion,2.006311744,1107.15105,1,0.0652,28.4,249.0639575,55,0.042483317,2.80732805,no appendage,0,none,0.5143427665,0.03587675218,14.33638039,3,small mammal (internal or caching)
Salvia columbariae,SALCOL,adhesive,1.163420873,1290.52828,1,0.0338,4.9112,231.8965452,30,0.028040895,1.4845382,no appendage,0,none,0.5395340402,0.03329799107,16.20320094,4,adhesive
Schismus barbatus,SCHBAR,unassisted,0.6336756488,35.39911936,0.4829280275,0.0038,0.6889,145.5095848,7.2025678,0.030064151,0.77107352,no appendage,0,none,0.4128936039,0.03136223862,13.16531032,1,unassisted
Senecio vulgaris,SENVUL,adhesive,0.5550359632,918.9753582,1,0.0658,2.6665,148.0811331,27.71091345,0.136812813,2.9424875,elongated appendage,1,plume,0.5055910944,0.03200062716,15.79941205,4,adhesive
Sesbania herbacea,SESHER,unassisted,3.872361011,74.48102345,0.955441713,0.0476,74.72,286.9213404,298.7,0.075387494,3.6958352,no appendage,0,none,0.3998055015,0.0534287302,7.482968433,1,unassisted
Sidalcea diploscypha,SIDDIP,unassisted,2.717000785,418.7758679,0.8748959358,0.132,49.7,252.797745,18.8,0.011907247,2.8472112,no appendage,1,none,0.4364441748,0.02743021845,15.91107178,1,unassisted
Silene gallica,SILGAL,adhesive,1.157111568,26.27661447,1,0.0234,2.6986,195.8948624,32.344375,0.015012493,0.999293615,no appendage,1,none,0.4676062176,0.02859412781,16.35322542,4,adhesive
Sisymbrium altissimum,SISALT,wind,1.284396782,44.61681329,1,0.0068,2.4799,189.0955567,63.96723905,0.02891701,0.9704891,no appendage,0,none,0.5656661264,0.04674554295,12.10096387,3,tumbling
Sisymbrium irio,SISIRI,adhesive,0.8083768017,79.05013865,1,0.0072,0.9582,161.5271728,35.64980393,0.050031236,0.86856558,no appendage,0,none,0.546553216,0.05295356216,10.32136827,4,adhesive
Sisymbrium orientale,SISORI,unassisted,1.577623907,81.22968878,1,0.0088,2.5547,193.1945684,54.8026316,0.035916107,0.952763275,no appendage,0,none,0.5645740033,0.03942927362,14.31865088,2,unassisted
Spergularia platensis,SPEPLA,unknown,0.7119591367,139.1236941,NA,NA,0.479,121.926975,12,0.052053052,0.59824672,no appendage,0,none,0.438269649,0.03397639018,12.89924111,0,unknown
Stephanomeria exigua,STEEXI,wind,0.6249043922,125.5176034,NA,NA,5.2771,187.1905059,105,0.12058785,3.2460423,elongated appendage,1,none,0.4791656442,0.02788957055,17.1808183,2,wind
Stipa capensis,STICAP,adhesive,3.033168841,56.75970079,0.4850291723,0.01,34.6,145.8172272,15.9449573,0.167421456,5.6057932,elongated appendage,1,awn,0.4366130398,0.01646909399,26.51105398,4,adhesive
Streptanthella longirostris,STRLON,unknown,0.5067647442,62.96511379,1,0.0496,1.4438,130.2888415,40,0.065855149,1.4978325,no appendage,1,none,0.4877962014,0.0322821827,15.11038476,0,unknown
Streptanthus insignis,STRINS,wind,0.8982079314,164.3159552,1,0.0094,4.8087,188.2357265,36,0.074035004,1.885585,flat appendage,0,wing,0.511237738,0.03512406232,14.55519961,2,wind
Streptanthus polygaloides,STRPOL,unassisted,0.9170120209,63.09573392,NA,NA,2.1318,160.7347348,50,0.08607488,1.3072798,no appendage,0,none,0.5650498874,0.0408046347,13.84768891,1,unassisted
Stylocline micropoides,STYMIC,wind,0.6903821052,34.33436763,NA,NA,1.064,136.5761436,8,0.069453891,1.1255899,elongated appendage,0,pappus,0.5469471509,0.05136108651,10.64905725,2,wind
Thysanocarpus curvipes,THYCUR,wind,0.3067831693,106.8403563,NA,NA,15.31428571,106.7402654,36.6,0.109505502,5.65453925,flat appendage,0,wing,0.4456150062,0.01226629766,36.32840311,2,wind
Tidestromia suffruticosa var. oblongifolia,TIDSUFO,unknown,1.58626576,50.89328722,NA,NA,4.7804,224.6661769,35,0.019606816,1.17433605,no appendage,0,none,0.4706265356,0.0365970516,12.85968446,0,unknown
Trichoptilium incisum,TRIINC,wind,1.146731028,131.9699202,NA,NA,6.2464,163.2845826,15,0.090666536,2.57024505,elongated appendage,1,pappus,0.4929384835,0.03391130186,14.53611205,2,wind
Trichostema austromontanum ssp. austromontanum,TRIAUSA,unassisted,0.9052245714,106.6618629,0.7950715196,0.0682,3.0974,175.0514407,50,0.027323323,1.3648887,no appendage,1,none,0.5047191758,0.02958790296,17.05829496,1,unassisted
Trichostema lanceolatum,TRILAN,unassisted,1.565661968,40.78543933,0.6944159836,0.1226,17.85,186.2639175,100,0.015203699,2.4904789,no appendage,1,none,0.5045403991,0.02636898921,19.13385436,1,unassisted
Trifolium albopurpureum,TRIALB,unassisted,2.509028172,64.85465377,0.9674693389,0.043,22.6,223.6108189,15.46428572,0.049395339,2.34202515,no appendage,0,none,0.457014295,0.04992202729,9.15456202,1,unassisted
Trifolium depauperatum,TRIDEP,unassisted,2.42513833,9.106914058,0.9863127333,0.0286,12.69,223.9420217,17.78,0.016127056,1.53328415,no appendage,1,none,0.4379084967,0.03704948646,11.81955645,1,unassisted
Trifolium fucatum,TRIFUC,unassisted,3.131013798,51.6451518,0.969751619,0.0384,51.1,225.6863751,24.7,0.033546111,2.6500114,no appendage,1,none,0.4166247878,0.02665195246,15.63205504,1,unassisted
Trifolium gracilentum,TRIGRA,unassisted,2.144167458,74.62709156,0.9813173908,0.0348,14.83,214.0204617,9.228333335,0.024672902,1.83683905,no appendage,0,none,0.3972506158,0.03132697044,12.68078624,1,unassisted
Trifolium hirtum,TRIHIR,ingestion,5.28466306,6.658038559,0.9513462938,0.0372,52.12,247.1874285,15.27475963,0.014113514,2.06949055,no appendage,1,none,0.4150701978,0.03222718571,12.87950495,4,large mammal (internal)
Trifolium microcephalum,TRIMIC,unassisted,1.879187847,37.24201888,1,0.0274,9.1815,271.3310247,10.925,0.029339154,1.58646175,no appendage,0,none,0.4550492341,0.0570404814,7.977654167,1,unassisted
Trifolium willdenovii,TRIWIL,unassisted,2.789358362,78.41448764,0.9877943957,0.026,20.01,274.7818349,24.65,0.029070834,1.9010952,no appendage,0,none,0.4123233795,0.04086307356,10.09036628,1,unassisted
Tropidocarpum gracile,TROGRA,unassisted,0.9705728873,392.3933621,0.9407813571,0.0138,2.3154,205.0047122,27.5,0.071826593,1.29398553,no appendage,0,none,0.4947381546,0.03330735661,14.85372017,1,unassisted
Uropappus lindleyi,UROLIN,unassisted,1.058634261,98.43417645,1,0.1096,18.475,179.8035886,18.89492754,0.191356343,10.15542207,elongated appendage,1,pappus,0.443190267,0.02171003717,20.41407223,2,unassisted
Vicia villosa,VICVIL,unassisted,7.831723958,14.51639221,0.9791767735,0.1116,350.77,335.1216273,56.35557693,0.007833353,4.0968822,no appendage,0,none,0.392607868,0.02820114213,13.92170098,1,ballistic
Volutaria tubuliflora,VOLTUB,wind,1.041615037,NA,NA,NA,11.283,150.2530392,150,0.087855888,3.116791389,elongated appendage,1,pappus,0.4958178931,0.03161461091,15.68318821,2,wind
Xanthisma gracile,XANGRA,wind,0.8379344413,71.3221781,1,0.0078,2.6038,116.8002531,21.65,0.115161203,2.098611679,elongated appendage,1,plume,0.5086474501,0.03321784922,15.31247393,2,wind
Zeltnera trichantha,ZELTRI,wind,0.3993399902,417.2624353,0.762802276,0.0072,0.2842,144.984515,6.825,0.015437114,0.57165798,no appendage,1,none,0.5420192308,0.04712121212,11.50265892,2,wind